Agente1;Agente2;Agente3;Pregunta;Filtro;Region;Pertenencia étnica;Grupo de edad;Ha sufrido formas de violencia psicológica;Ha sufrido formas de violencia física ;Ha sufrido formas de violencia sexual ;Ha sufrido alguna de las formas de violencia de género ;De quienes acudieron a una institución, le recibieron la denuncia;De quienes acudieron a una institución, le explicaron el procedimiento legal;De quienes acudieron a una institución, le dijeron cuáles eran sus derechos;De quienes acudieron a una institución, le ordenaron o le hicieron exámenes médicos ;De quienes acudieron a una institución, la remitieron a atención psicosocial ;De quienes acudieron a una institución, le dieron protección ;De quienes acudieron a una institución, consideran que no le pusieron atención a su caso;De quienes acudieron a una institución, consideran que nadie sabía cómo ayudarla;De quienes acudieron a una institución, consideran que la hicieron sentir mal ;De quienes acudieron a una institución, consideran que le dijeron que era culpa suya ;De quienes acudieron a una institución, consideran que le pidieron que llevara pruebas que no tenía ;De quienes acudieron a una institución, consideran que la hicieron ir muchas veces sin resolverle nada ;De quienes acudieron a una institución, consideran que la hicieron conciliar con el agresor
41.1;31.2;27.7;Ha sufrido formas de violencia psicológica;Experiencia de las mujeres con las violencias ;ALTO PATÍA Y NORTE DEL CAUCA;Indígena;14 a 19 años;5,0%;2,0%;1,0%;23,0%;100,0%;100,0%;100,0%;-;100,0%;-;-;-;-;100,0%;-;100,0%;-
41.1;31.2;27.7;Ha sufrido formas de violencia física ;Experiencia de las mujeres con las violencias ;ALTO PATÍA Y NORTE DEL CAUCA;Indígena;20 a 24 años;5,0%;8,0%;-;22,0%;100,0%;67,0%;67,0%;33,0%;33,0%;67,0%;100,0%;33,0%;-;-;-;-;67,0%
41.1;31.2;27.7;Ha sufrido formas de violencia sexual ;Experiencia de las mujeres con las violencias ;ALTO PATÍA Y NORTE DEL CAUCA;Indígena;25 a 29 años;2,0%;-;-;3,0%;100,0%;100,0%;100,0%;-;100,0%;100,0%;-;-;-;-;-;-;-
41.1;31.2;27.7;Ha sufrido alguna de las formas de violencia de género ;Experiencia de las mujeres con las violencias ;ALTO PATÍA Y NORTE DEL CAUCA;Indígena;30 a 34 años;73,0%;14,0%;14,0%;100,0%;-;-;-;-;-;-;-;-;-;-;-;-;-
41.1;31.2;27.7;De quienes acudieron a una institución, le recibieron la denuncia;Experiencia de las mujeres respecto a la respuesta a las VCM;ALTO PATÍA Y NORTE DEL CAUCA;Indígena;35 a 39 años;5,0%;1,0%;1,0%;25,0%;100,0%;100,0%;19,0%;19,0%;-;-;-;-;-;-;100,0%;100,0%;100,0%
41.1;31.2;27.7;De quienes acudieron a una institución, le explicaron el procedimiento legal;Experiencia de las mujeres respecto a la respuesta a las VCM;ALTO PATÍA Y NORTE DEL CAUCA;Indígena;40 a 44 años;3,0%;-;-;20,0%;-;-;-;-;-;-;-;-;-;-;-;-;-
41.1;31.2;27.7;De quienes acudieron a una institución, le dijeron cuáles eran sus derechos;Experiencia de las mujeres respecto a la respuesta a las VCM;ALTO PATÍA Y NORTE DEL CAUCA;Indígena;45 a 49 años;-;-;-;-;-;-;-;-;-;-;-;-;-;-;-;-;-
41.1;31.2;27.7;De quienes acudieron a una institución, le ordenaron o le hicieron exámenes médicos ;Experiencia de las mujeres respecto a la respuesta a las VCM;ALTO PATÍA Y NORTE DEL CAUCA;Indígena;50 a 54 años;32,0%;2,0%;-;63,0%;-;-;-;-;-;-;-;-;-;-;-;-;-
41.1;31.2;27.7;De quienes acudieron a una institución, la remitieron a atención psicosocial ;Experiencia de las mujeres respecto a la respuesta a las VCM;ALTO PATÍA Y NORTE DEL CAUCA;Indígena;55 a 59 años;2,0%;2,0%;-;4,0%;-;-;-;-;-;-;-;-;-;-;-;-;-
41.1;31.2;27.7;De quienes acudieron a una institución, le dieron protección ;Experiencia de las mujeres respecto a la respuesta a las VCM;ALTO PATÍA Y NORTE DEL CAUCA;Afrodescendiente;14 a 19 años;13,0%;9,0%;5,0%;47,0%;-;-;-;-;-;-;-;-;-;-;-;-;-
41.1;31.2;27.7;De quienes acudieron a una institución, consideran que no le pusieron atención a su caso;Experiencia de las mujeres respecto a la respuesta a las VCM;ALTO PATÍA Y NORTE DEL CAUCA;Afrodescendiente;20 a 24 años;10,0%;17,0%;-;25,0%;100,0%;100,0%;-;100,0%;-;-;-;100,0%;100,0%;-;100,0%;100,0%;-
41.1;31.2;27.7;De quienes acudieron a una institución, consideran que nadie sabía cómo ayudarla;Experiencia de las mujeres respecto a la respuesta a las VCM;ALTO PATÍA Y NORTE DEL CAUCA;Afrodescendiente;25 a 29 años;20,0%;17,0%;15,0%;53,0%;-;-;-;-;-;-;-;-;-;-;-;-;-
41.1;31.2;27.7;De quienes acudieron a una institución, consideran que la hicieron sentir mal ;Experiencia de las mujeres respecto a la respuesta a las VCM;ALTO PATÍA Y NORTE DEL CAUCA;Afrodescendiente;30 a 34 años;14,0%;6,0%;-;31,0%;-;-;-;-;-;-;-;-;-;-;-;-;-
41.1;31.2;27.7;De quienes acudieron a una institución, consideran que le dijeron que era culpa suya ;Experiencia de las mujeres respecto a la respuesta a las VCM;ALTO PATÍA Y NORTE DEL CAUCA;Afrodescendiente;35 a 39 años;10,0%;-;-;11,0%;100,0%;100,0%;100,0%;-;100,0%;100,0%;-;-;-;-;-;-;100,0%
41.1;31.2;27.7;De quienes acudieron a una institución, consideran que le pidieron que llevara pruebas que no tenía ;Experiencia de las mujeres respecto a la respuesta a las VCM;ALTO PATÍA Y NORTE DEL CAUCA;Afrodescendiente;40 a 44 años;14,0%;7,0%;-;16,0%;100,0%;100,0%;100,0%;-;-;-;-;100,0%;-;-;-;-;100,0%
41.1;31.2;27.7;De quienes acudieron a una institución, consideran que la hicieron ir muchas veces sin resolverle nada ;Experiencia de las mujeres respecto a la respuesta a las VCM;ALTO PATÍA Y NORTE DEL CAUCA;Afrodescendiente;45 a 49 años;9,0%;-;-;14,0%;-;-;-;-;-;-;-;-;-;-;-;-;-
41.1;31.2;27.7;De quienes acudieron a una institución, consideran que la hicieron conciliar con el agresor;Experiencia de las mujeres respecto a la respuesta a las VCM;ALTO PATÍA Y NORTE DEL CAUCA;Afrodescendiente;50 a 54 años;20,0%;19,0%;-;32,0%;-;100,0%;100,0%;-;-;100,0%;-;-;100,0%;-;-;-;100,0%
41.1;31.2;27.7;;;ALTO PATÍA Y NORTE DEL CAUCA;Afrodescendiente;55 a 59 años;19,0%;8,0%;5,0%;41,0%;-;100,0%;100,0%;-;-;-;100,0%;-;-;-;-;-;100,0%
46.2;31.4;22.3;;;BAJO CAUCA Y NORDESTE ANTIOQUEÑO;Indígena;14 a 19 años;37,0%;-;-;58,0%;-;-;-;-;-;-;-;-;-;-;-;-;-
46.2;31.4;22.3;;;BAJO CAUCA Y NORDESTE ANTIOQUEÑO;Indígena;20 a 24 años;55,0%;55,0%;-;100,0%;-;-;-;-;-;-;-;-;-;-;-;-;-
46.2;31.4;22.3;;;BAJO CAUCA Y NORDESTE ANTIOQUEÑO;Indígena;25 a 29 años;93,0%;93,0%;10,0%;100,0%;100,0%;100,0%;11,0%;11,0%;11,0%;-;11,0%;-;-;-;-;-;89,0%
46.2;31.4;22.3;;;BAJO CAUCA Y NORDESTE ANTIOQUEÑO;Indígena;30 a 34 años;5,0%;-;-;7,0%;-;-;-;-;-;-;-;-;-;-;-;-;-
46.2;31.4;22.3;;;BAJO CAUCA Y NORDESTE ANTIOQUEÑO;Indígena;35 a 39 años;-;-;-;-;-;-;-;-;-;-;-;-;-;-;-;-;-
46.2;31.4;22.3;;;BAJO CAUCA Y NORDESTE ANTIOQUEÑO;Indígena;40 a 44 años;100,0%;-;-;100,0%;100,0%;-;-;100,0%;-;100,0%;-;-;-;-;-;-;100,0%
46.2;31.4;22.3;;;BAJO CAUCA Y NORDESTE ANTIOQUEÑO;Indígena;45 a 49 años;-;-;-;-;-;-;-;-;-;-;-;-;-;-;-;-;-
46.2;31.4;22.3;;;BAJO CAUCA Y NORDESTE ANTIOQUEÑO;Indígena;50 a 54 años;-;-;-;-;-;-;-;-;-;-;-;-;-;-;-;-;-
46.2;31.4;22.3;;;BAJO CAUCA Y NORDESTE ANTIOQUEÑO;Indígena;55 a 59 años;-;-;-;-;-;-;-;-;-;-;-;-;-;-;-;-;-
46.2;31.4;22.3;;;BAJO CAUCA Y NORDESTE ANTIOQUEÑO;Afrodescendiente;14 a 19 años;13,0%;3,0%;1,0%;52,0%;-;-;-;-;-;-;-;-;-;-;-;-;-
46.2;31.4;22.3;;;BAJO CAUCA Y NORDESTE ANTIOQUEÑO;Afrodescendiente;20 a 24 años;10,0%;3,0%;-;88,0%;100,0%;100,0%;100,0%;-;-;-;100,0%;-;-;-;100,0%;-;100,0%
46.2;31.4;22.3;;;BAJO CAUCA Y NORDESTE ANTIOQUEÑO;Afrodescendiente;25 a 29 años;43,0%;40,0%;2,0%;68,0%;100,0%;100,0%;100,0%;-;100,0%;100,0%;-;-;-;-;-;-;100,0%
46.2;31.4;22.3;;;BAJO CAUCA Y NORDESTE ANTIOQUEÑO;Afrodescendiente;30 a 34 años;45,0%;14,0%;-;69,0%;100,0%;100,0%;100,0%;-;-;-;26,0%;26,0%;37,0%;37,0%;37,0%;63,0%;37,0%
46.2;31.4;22.3;;;BAJO CAUCA Y NORDESTE ANTIOQUEÑO;Afrodescendiente;35 a 39 años;19,0%;28,0%;-;45,0%;-;-;-;-;-;-;-;-;-;-;-;-;-
46.2;31.4;22.3;;;BAJO CAUCA Y NORDESTE ANTIOQUEÑO;Afrodescendiente;40 a 44 años;16,0%;9,0%;-;41,0%;-;-;-;-;100,0%;-;-;-;100,0%;-;-;100,0%;-
46.2;31.4;22.3;;;BAJO CAUCA Y NORDESTE ANTIOQUEÑO;Afrodescendiente;45 a 49 años;90,0%;80,0%;79,0%;97,0%;100,0%;100,0%;100,0%;-;90,0%;7,0%;7,0%;98,0%;-;-;7,0%;98,0%;10,0%
46.2;31.4;22.3;;;BAJO CAUCA Y NORDESTE ANTIOQUEÑO;Afrodescendiente;50 a 54 años;4,0%;-;4,0%;8,0%;100,0%;100,0%;100,0%;100,0%;100,0%;-;-;-;100,0%;-;100,0%;100,0%;-
46.2;31.4;22.3;;;BAJO CAUCA Y NORDESTE ANTIOQUEÑO;Afrodescendiente;55 a 59 años;8,0%;4,0%;-;43,0%;100,0%;100,0%;100,0%;-;-;-;45,0%;100,0%;-;-;-;-;-
32.7;20.7;46.6;;;CATATUMBO;Indígena;14 a 19 años;-;-;-;-;-;-;-;-;-;-;-;-;-;-;-;-;-
32.7;20.7;46.6;;;CATATUMBO;Indígena;20 a 24 años;33,0%;14,0%;6,0%;41,0%;100,0%;-;100,0%;-;-;-;-;-;100,0%;-;-;-;100,0%
32.7;20.7;46.6;;;CATATUMBO;Indígena;25 a 29 años;65,0%;67,0%;-;94,0%;-;-;-;-;-;-;-;-;-;-;-;-;-
32.7;20.7;46.6;;;CATATUMBO;Indígena;30 a 34 años;52,0%;10,0%;-;67,0%;100,0%;100,0%;100,0%;33,0%;33,0%;33,0%;67,0%;67,0%;-;-;100,0%;67,0%;-
32.7;20.7;46.6;;;CATATUMBO;Indígena;35 a 39 años;12,0%;-;-;58,0%;-;-;-;-;-;-;-;-;-;-;-;-;-
32.7;20.7;46.6;;;CATATUMBO;Indígena;40 a 44 años;32,0%;32,0%;6,0%;100,0%;-;-;-;-;-;-;-;-;-;-;-;-;-
32.7;20.7;46.6;;;CATATUMBO;Indígena;45 a 49 años;64,0%;51,0%;-;78,0%;-;-;-;-;-;-;-;-;-;-;-;-;-
32.7;20.7;46.6;;;CATATUMBO;Indígena;50 a 54 años;1,0%;-;-;100,0%;-;-;-;-;-;-;-;-;-;-;-;-;-
32.7;20.7;46.6;;;CATATUMBO;Indígena;55 a 59 años;47,0%;-;-;77,0%;-;-;-;-;-;-;-;-;-;-;-;-;-
32.7;20.7;46.6;;;CATATUMBO;Afrodescendiente;14 a 19 años;-;-;-;-;-;-;-;-;-;-;-;-;-;-;-;-;-
32.7;20.7;46.6;;;CATATUMBO;Afrodescendiente;20 a 24 años;-;-;-;-;-;-;-;-;-;-;-;-;-;-;-;-;-
32.7;20.7;46.6;;;CATATUMBO;Afrodescendiente;25 a 29 años;-;-;-;-;-;-;-;-;-;-;-;-;-;-;-;-;-
32.7;20.7;46.6;;;CATATUMBO;Afrodescendiente;30 a 34 años;-;-;-;-;-;-;-;-;-;-;-;-;-;-;-;-;-
32.7;20.7;46.6;;;CATATUMBO;Afrodescendiente;35 a 39 años;8,0%;8,0%;-;100,0%;100,0%;100,0%;100,0%;65,0%;65,0%;-;-;-;-;65,0%;65,0%;65,0%;65,0%
32.7;20.7;46.6;;;CATATUMBO;Afrodescendiente;40 a 44 años;22,0%;22,0%;2,0%;75,0%;100,0%;100,0%;100,0%;100,0%;100,0%;-;100,0%;-;-;-;-;-;100,0%
32.7;20.7;46.6;;;CATATUMBO;Afrodescendiente;45 a 49 años;-;-;-;-;-;-;-;-;-;-;-;-;-;-;-;-;-
32.7;20.7;46.6;;;CATATUMBO;Afrodescendiente;50 a 54 años;-;-;-;-;-;-;-;-;-;-;-;-;-;-;-;-;-
32.7;20.7;46.6;;;CATATUMBO;Afrodescendiente;55 a 59 años;-;-;-;-;-;-;-;-;-;-;-;-;-;-;-;-;-
41.7;20.5;37.9;;;CHOCÓ;Indígena;14 a 19 años;97,0%;-;-;100,0%;-;-;-;-;-;-;-;-;-;-;-;-;-
41.7;20.5;37.9;;;CHOCÓ;Indígena;20 a 24 años;29,0%;29,0%;29,0%;56,0%;-;-;-;-;-;100,0%;100,0%;100,0%;-;-;-;-;100,0%
41.7;20.5;37.9;;;CHOCÓ;Indígena;25 a 29 años;-;-;-;-;-;-;-;-;-;-;-;-;-;-;-;-;-
41.7;20.5;37.9;;;CHOCÓ;Indígena;30 a 34 años;-;-;-;-;-;-;-;-;-;-;-;-;-;-;-;-;-
41.7;20.5;37.9;;;CHOCÓ;Indígena;35 a 39 años;-;-;-;-;-;-;-;-;-;-;-;-;-;-;-;-;-
41.7;20.5;37.9;;;CHOCÓ;Indígena;40 a 44 años;-;-;-;-;-;-;-;-;-;-;-;-;-;-;-;-;-
41.7;20.5;37.9;;;CHOCÓ;Indígena;45 a 49 años;-;-;-;-;-;-;-;-;-;-;-;-;-;-;-;-;-
41.7;20.5;37.9;;;CHOCÓ;Indígena;50 a 54 años;-;-;-;-;-;-;-;-;-;-;-;-;-;-;-;-;-
41.7;20.5;37.9;;;CHOCÓ;Indígena;55 a 59 años;-;-;-;-;-;-;-;-;-;-;-;-;-;-;-;-;-
41.7;20.5;37.9;;;CHOCÓ;Afrodescendiente;14 a 19 años;8,0%;6,0%;-;48,0%;-;-;-;-;-;-;-;-;-;-;-;-;-
41.7;20.5;37.9;;;CHOCÓ;Afrodescendiente;20 a 24 años;7,0%;5,0%;2,0%;13,0%;100,0%;100,0%;100,0%;71,0%;52,0%;71,0%;19,0%;100,0%;-;-;-;-;19,0%
41.7;20.5;37.9;;;CHOCÓ;Afrodescendiente;25 a 29 años;18,0%;6,0%;4,0%;65,0%;100,0%;100,0%;100,0%;-;-;-;-;100,0%;100,0%;100,0%;100,0%;100,0%;-
41.7;20.5;37.9;;;CHOCÓ;Afrodescendiente;30 a 34 años;28,0%;12,0%;3,0%;55,0%;26,0%;22,0%;26,0%;8,0%;4,0%;12,0%;22,0%;16,0%;78,0%;74,0%;6,0%;78,0%;14,0%
41.7;20.5;37.9;;;CHOCÓ;Afrodescendiente;35 a 39 años;53,0%;6,0%;-;89,0%;100,0%;100,0%;100,0%;61,0%;39,0%;39,0%;100,0%;61,0%;-;-;-;-;61,0%
41.7;20.5;37.9;;;CHOCÓ;Afrodescendiente;40 a 44 años;29,0%;-;-;79,0%;100,0%;100,0%;100,0%;-;98,0%;2,0%;98,0%;98,0%;2,0%;-;2,0%;2,0%;-
41.7;20.5;37.9;;;CHOCÓ;Afrodescendiente;45 a 49 años;1,0%;1,0%;1,0%;10,0%;100,0%;100,0%;100,0%;-;-;-;-;-;100,0%;100,0%;100,0%;100,0%;-
41.7;20.5;37.9;;;CHOCÓ;Afrodescendiente;50 a 54 años;31,0%;24,0%;22,0%;90,0%;47,0%;73,0%;72,0%;60,0%;68,0%;68,0%;72,0%;92,0%;34,0%;5,0%;5,0%;33,0%;31,0%
41.7;20.5;37.9;;;CHOCÓ;Afrodescendiente;55 a 59 años;2,0%;2,0%;-;6,0%;100,0%;100,0%;100,0%;-;-;100,0%;100,0%;100,0%;-;-;-;-;-
55;14.8;30.2;;;CIUDADES CALI-QUIBDÓ;Indígena;14 a 19 años;-;-;-;-;-;-;-;-;-;-;-;-;-;-;-;-;-
55;14.8;30.2;;;CIUDADES CALI-QUIBDÓ;Indígena;20 a 24 años;7,0%;7,0%;7,0%;13,0%;-;-;-;-;-;-;100,0%;100,0%;-;100,0%;-;-;-
55;14.8;30.2;;;CIUDADES CALI-QUIBDÓ;Indígena;25 a 29 años;-;-;-;2,0%;100,0%;100,0%;100,0%;-;-;100,0%;-;-;-;-;-;-;100,0%
55;14.8;30.2;;;CIUDADES CALI-QUIBDÓ;Indígena;30 a 34 años;-;-;-;-;-;-;-;-;-;-;-;-;-;-;-;-;-
55;14.8;30.2;;;CIUDADES CALI-QUIBDÓ;Indígena;35 a 39 años;13,0%;1,0%;-;24,0%;-;-;-;-;-;-;-;-;-;-;-;-;-
55;14.8;30.2;;;CIUDADES CALI-QUIBDÓ;Indígena;40 a 44 años;29,0%;-;-;40,0%;-;-;-;-;-;-;-;-;-;-;-;-;-
55;14.8;30.2;;;CIUDADES CALI-QUIBDÓ;Indígena;45 a 49 años;8,0%;10,0%;-;32,0%;100,0%;100,0%;100,0%;-;-;-;-;-;100,0%;-;-;100,0%;100,0%
55;14.8;30.2;;;CIUDADES CALI-QUIBDÓ;Indígena;50 a 54 años;14,0%;-;-;95,0%;100,0%;100,0%;100,0%;-;-;-;100,0%;-;-;-;-;-;100,0%
55;14.8;30.2;;;CIUDADES CALI-QUIBDÓ;Indígena;55 a 59 años;4,0%;-;-;58,0%;-;-;-;-;-;-;-;-;-;-;-;-;-
55;14.8;30.2;;;CIUDADES CALI-QUIBDÓ;Afrodescendiente;14 a 19 años;25,0%;10,0%;1,0%;42,0%;46,0%;100,0%;100,0%;44,0%;35,0%;91,0%;58,0%;51,0%;33,0%;33,0%;9,0%;-;24,0%
55;14.8;30.2;;;CIUDADES CALI-QUIBDÓ;Afrodescendiente;20 a 24 años;47,0%;27,0%;7,0%;77,0%;87,0%;94,0%;94,0%;64,0%;90,0%;64,0%;33,0%;31,0%;8,0%;8,0%;44,0%;38,0%;32,0%
55;14.8;30.2;;;CIUDADES CALI-QUIBDÓ;Afrodescendiente;25 a 29 años;30,0%;19,0%;6,0%;54,0%;100,0%;95,0%;100,0%;76,0%;76,0%;95,0%;64,0%;5,0%;-;-;40,0%;-;46,0%
55;14.8;30.2;;;CIUDADES CALI-QUIBDÓ;Afrodescendiente;30 a 34 años;13,0%;13,0%;-;41,0%;100,0%;100,0%;100,0%;-;-;100,0%;-;100,0%;-;-;-;-;100,0%
55;14.8;30.2;;;CIUDADES CALI-QUIBDÓ;Afrodescendiente;35 a 39 años;28,0%;10,0%;8,0%;48,0%;100,0%;75,0%;75,0%;33,0%;-;33,0%;44,0%;75,0%;67,0%;25,0%;11,0%;11,0%;56,0%
55;14.8;30.2;;;CIUDADES CALI-QUIBDÓ;Afrodescendiente;40 a 44 años;15,0%;6,0%;7,0%;48,0%;100,0%;80,0%;80,0%;10,0%;18,0%;55,0%;84,0%;82,0%;35,0%;-;47,0%;33,0%;10,0%
55;14.8;30.2;;;CIUDADES CALI-QUIBDÓ;Afrodescendiente;45 a 49 años;31,0%;28,0%;4,0%;42,0%;39,0%;100,0%;98,0%;23,0%;37,0%;25,0%;75,0%;16,0%;61,0%;-;-;75,0%;23,0%
55;14.8;30.2;;;CIUDADES CALI-QUIBDÓ;Afrodescendiente;50 a 54 años;14,0%;12,0%;1,0%;38,0%;100,0%;100,0%;100,0%;78,0%;45,0%;22,0%;67,0%;91,0%;24,0%;-;-;24,0%;22,0%
55;14.8;30.2;;;CIUDADES CALI-QUIBDÓ;Afrodescendiente;55 a 59 años;10,0%;8,0%;-;27,0%;71,0%;71,0%;85,0%;56,0%;85,0%;56,0%;56,0%;11,0%;-;-;16,0%;27,0%;58,0%
64;15.5;20.4;;;CUENCA DEL CAGUÁN Y PIEDEMONTE CAQUETEÑO;Indígena;14 a 19 años;37,0%;33,0%;-;96,0%;-;-;-;-;-;-;-;-;-;-;-;-;-
64;15.5;20.4;;;CUENCA DEL CAGUÁN Y PIEDEMONTE CAQUETEÑO;Indígena;20 a 24 años;58,0%;29,0%;-;100,0%;100,0%;100,0%;100,0%;-;100,0%;100,0%;-;100,0%;-;-;100,0%;-;-
64;15.5;20.4;;;CUENCA DEL CAGUÁN Y PIEDEMONTE CAQUETEÑO;Indígena;25 a 29 años;-;-;-;-;-;-;-;-;-;-;-;-;-;-;-;-;-
64;15.5;20.4;;;CUENCA DEL CAGUÁN Y PIEDEMONTE CAQUETEÑO;Indígena;30 a 34 años;-;-;6,0%;24,0%;-;-;-;-;-;-;-;-;-;-;-;-;-
64;15.5;20.4;;;CUENCA DEL CAGUÁN Y PIEDEMONTE CAQUETEÑO;Indígena;35 a 39 años;26,0%;15,0%;-;49,0%;-;-;-;-;-;-;-;-;-;-;-;-;-
64;15.5;20.4;;;CUENCA DEL CAGUÁN Y PIEDEMONTE CAQUETEÑO;Indígena;40 a 44 años;-;-;-;-;-;-;-;-;-;-;-;-;-;-;-;-;-
64;15.5;20.4;;;CUENCA DEL CAGUÁN Y PIEDEMONTE CAQUETEÑO;Indígena;45 a 49 años;-;-;-;-;-;-;-;-;-;-;-;-;-;-;-;-;-
64;15.5;20.4;;;CUENCA DEL CAGUÁN Y PIEDEMONTE CAQUETEÑO;Indígena;50 a 54 años;88,0%;88,0%;-;99,0%;-;-;-;-;-;-;-;-;-;-;-;-;-
64;15.5;20.4;;;CUENCA DEL CAGUÁN Y PIEDEMONTE CAQUETEÑO;Indígena;55 a 59 años;-;-;-;-;-;-;-;-;-;-;-;-;-;-;-;-;-
64;15.5;20.4;;;CUENCA DEL CAGUÁN Y PIEDEMONTE CAQUETEÑO;Afrodescendiente;14 a 19 años;-;5,0%;-;35,0%;-;-;-;-;-;-;-;-;-;-;-;-;-
64;15.5;20.4;;;CUENCA DEL CAGUÁN Y PIEDEMONTE CAQUETEÑO;Afrodescendiente;20 a 24 años;3,0%;-;-;100,0%;-;-;-;-;-;-;-;-;-;-;-;-;-
64;15.5;20.4;;;CUENCA DEL CAGUÁN Y PIEDEMONTE CAQUETEÑO;Afrodescendiente;25 a 29 años;-;-;-;-;-;-;-;-;-;-;-;-;-;-;-;-;-
64;15.5;20.4;;;CUENCA DEL CAGUÁN Y PIEDEMONTE CAQUETEÑO;Afrodescendiente;30 a 34 años;-;-;-;-;-;-;-;-;-;-;-;-;-;-;-;-;-
64;15.5;20.4;;;CUENCA DEL CAGUÁN Y PIEDEMONTE CAQUETEÑO;Afrodescendiente;35 a 39 años;4,0%;4,0%;4,0%;100,0%;-;-;-;-;-;-;-;-;-;-;-;-;-
64;15.5;20.4;;;CUENCA DEL CAGUÁN Y PIEDEMONTE CAQUETEÑO;Afrodescendiente;40 a 44 años;-;-;-;-;-;-;-;-;-;-;-;-;-;-;-;-;-
64;15.5;20.4;;;CUENCA DEL CAGUÁN Y PIEDEMONTE CAQUETEÑO;Afrodescendiente;45 a 49 años;-;-;-;-;-;-;-;-;-;-;-;-;-;-;-;-;-
64;15.5;20.4;;;CUENCA DEL CAGUÁN Y PIEDEMONTE CAQUETEÑO;Afrodescendiente;50 a 54 años;-;-;-;-;-;-;-;-;-;-;-;-;-;-;-;-;-
64;15.5;20.4;;;CUENCA DEL CAGUÁN Y PIEDEMONTE CAQUETEÑO;Afrodescendiente;55 a 59 años;8,0%;8,0%;8,0%;100,0%;-;-;-;-;-;-;-;-;-;-;-;-;-
39.8;27.6;32.7;;;MACARENA GUAVIARE;Indígena;14 a 19 años;82,0%;6,0%;7,0%;100,0%;-;-;-;-;-;-;-;-;-;-;-;-;-
39.8;27.6;32.7;;;MACARENA GUAVIARE;Indígena;20 a 24 años;-;-;-;-;-;-;-;-;-;-;-;-;-;-;-;-;-
39.8;27.6;32.7;;;MACARENA GUAVIARE;Indígena;25 a 29 años;38,0%;38,0%;-;78,0%;100,0%;100,0%;100,0%;-;-;-;100,0%;100,0%;-;-;-;-;-
39.8;27.6;32.7;;;MACARENA GUAVIARE;Indígena;30 a 34 años;-;-;-;-;-;-;-;-;-;-;-;-;-;-;-;-;-
39.8;27.6;32.7;;;MACARENA GUAVIARE;Indígena;35 a 39 años;62,0%;48,0%;-;100,0%;-;-;-;-;-;-;-;-;-;-;-;-;-
39.8;27.6;32.7;;;MACARENA GUAVIARE;Indígena;40 a 44 años;13,0%;13,0%;13,0%;100,0%;100,0%;100,0%;100,0%;100,0%;100,0%;-;100,0%;100,0%;-;-;-;-;100,0%
39.8;27.6;32.7;;;MACARENA GUAVIARE;Indígena;45 a 49 años;19,0%;8,0%;-;40,0%;-;-;-;-;-;-;-;-;-;-;-;-;-
39.8;27.6;32.7;;;MACARENA GUAVIARE;Indígena;50 a 54 años;-;-;-;45,0%;-;-;-;-;-;-;-;-;-;-;-;-;-
39.8;27.6;32.7;;;MACARENA GUAVIARE;Indígena;55 a 59 años;-;-;-;-;-;-;-;-;-;-;-;-;-;-;-;-;-
39.8;27.6;32.7;;;MACARENA GUAVIARE;Afrodescendiente;14 a 19 años;10,0%;-;-;27,0%;-;-;-;-;-;-;-;-;-;-;-;-;-
39.8;27.6;32.7;;;MACARENA GUAVIARE;Afrodescendiente;20 a 24 años;14,0%;2,0%;-;53,0%;100,0%;100,0%;100,0%;-;100,0%;-;-;-;-;-;-;-;-
39.8;27.6;32.7;;;MACARENA GUAVIARE;Afrodescendiente;25 a 29 años;-;-;-;-;-;-;-;-;-;-;-;-;-;-;-;-;-
39.8;27.6;32.7;;;MACARENA GUAVIARE;Afrodescendiente;30 a 34 años;19,0%;11,0%;-;66,0%;100,0%;100,0%;-;-;-;-;-;-;-;-;-;-;-
39.8;27.6;32.7;;;MACARENA GUAVIARE;Afrodescendiente;35 a 39 años;-;-;-;-;-;-;-;-;-;-;-;-;-;-;-;-;-
39.8;27.6;32.7;;;MACARENA GUAVIARE;Afrodescendiente;40 a 44 años;14,0%;22,0%;-;100,0%;100,0%;100,0%;-;100,0%;-;-;100,0%;-;100,0%;-;100,0%;100,0%;-
39.8;27.6;32.7;;;MACARENA GUAVIARE;Afrodescendiente;45 a 49 años;21,0%;-;-;100,0%;100,0%;100,0%;100,0%;-;-;-;-;-;100,0%;-;-;100,0%;100,0%
39.8;27.6;32.7;;;MACARENA GUAVIARE;Afrodescendiente;50 a 54 años;-;-;-;-;-;-;-;-;-;-;-;-;-;-;-;-;-
39.8;27.6;32.7;;;MACARENA GUAVIARE;Afrodescendiente;55 a 59 años;-;-;-;-;-;-;-;-;-;-;-;-;-;-;-;-;-
48;33.1;18.9;;;PACÍFICO MEDIO;Indígena;14 a 19 años;-;-;-;-;-;-;-;-;-;-;-;-;-;-;-;-;-
48;33.1;18.9;;;PACÍFICO MEDIO;Indígena;20 a 24 años;-;-;-;-;-;-;-;-;-;-;-;-;-;-;-;-;-
48;33.1;18.9;;;PACÍFICO MEDIO;Indígena;25 a 29 años;78,0%;78,0%;78,0%;100,0%;-;-;-;-;-;-;-;-;-;-;-;-;-
48;33.1;18.9;;;PACÍFICO MEDIO;Indígena;30 a 34 años;-;-;-;-;-;-;-;-;-;-;-;-;-;-;-;-;-
48;33.1;18.9;;;PACÍFICO MEDIO;Indígena;35 a 39 años;-;-;-;-;-;-;-;-;-;-;-;-;-;-;-;-;-
48;33.1;18.9;;;PACÍFICO MEDIO;Indígena;40 a 44 años;-;-;-;-;-;-;-;-;-;-;-;-;-;-;-;-;-
48;33.1;18.9;;;PACÍFICO MEDIO;Indígena;45 a 49 años;-;-;-;-;-;-;-;-;-;-;-;-;-;-;-;-;-
48;33.1;18.9;;;PACÍFICO MEDIO;Indígena;50 a 54 años;-;-;-;-;-;-;-;-;-;-;-;-;-;-;-;-;-
48;33.1;18.9;;;PACÍFICO MEDIO;Indígena;55 a 59 años;-;-;-;-;-;-;-;-;-;-;-;-;-;-;-;-;-
48;33.1;18.9;;;PACÍFICO MEDIO;Afrodescendiente;14 a 19 años;7,0%;3,0%;3,0%;23,0%;64,0%;64,0%;64,0%;-;-;-;24,0%;88,0%;12,0%;12,0%;12,0%;100,0%;100,0%
48;33.1;18.9;;;PACÍFICO MEDIO;Afrodescendiente;20 a 24 años;19,0%;-;-;62,0%;33,0%;100,0%;100,0%;33,0%;33,0%;33,0%;33,0%;33,0%;-;-;-;-;100,0%
48;33.1;18.9;;;PACÍFICO MEDIO;Afrodescendiente;25 a 29 años;73,0%;32,0%;31,0%;83,0%;100,0%;100,0%;100,0%;94,0%;4,0%;2,0%;92,0%;92,0%;1,0%;-;-;4,0%;2,0%
48;33.1;18.9;;;PACÍFICO MEDIO;Afrodescendiente;30 a 34 años;8,0%;1,0%;-;12,0%;-;-;-;-;-;-;-;-;-;-;-;-;-
48;33.1;18.9;;;PACÍFICO MEDIO;Afrodescendiente;35 a 39 años;6,0%;2,0%;-;23,0%;100,0%;52,0%;45,0%;86,0%;38,0%;42,0%;45,0%;38,0%;54,0%;44,0%;86,0%;42,0%;91,0%
48;33.1;18.9;;;PACÍFICO MEDIO;Afrodescendiente;40 a 44 años;19,0%;4,0%;1,0%;38,0%;100,0%;100,0%;24,0%;2,0%;6,0%;6,0%;23,0%;23,0%;76,0%;-;17,0%;23,0%;19,0%
48;33.1;18.9;;;PACÍFICO MEDIO;Afrodescendiente;45 a 49 años;14,0%;8,0%;-;76,0%;-;100,0%;100,0%;-;-;-;-;-;-;-;-;-;-
48;33.1;18.9;;;PACÍFICO MEDIO;Afrodescendiente;50 a 54 años;8,0%;7,0%;8,0%;33,0%;100,0%;100,0%;2,0%;-;-;2,0%;100,0%;-;98,0%;-;-;98,0%;2,0%
48;33.1;18.9;;;PACÍFICO MEDIO;Afrodescendiente;55 a 59 años;2,0%;2,0%;-;6,0%;-;-;-;-;-;-;-;-;-;-;-;-;-
33;25.6;41.4;;;PACÍFICO Y FRONTERA NARIÑENSE;Indígena;14 a 19 años;-;-;-;-;-;-;-;-;-;-;-;-;-;-;-;-;-
33;25.6;41.4;;;PACÍFICO Y FRONTERA NARIÑENSE;Indígena;20 a 24 años;-;-;-;-;-;-;-;-;-;-;-;-;-;-;-;-;-
33;25.6;41.4;;;PACÍFICO Y FRONTERA NARIÑENSE;Indígena;25 a 29 años;-;-;-;-;-;-;-;-;-;-;-;-;-;-;-;-;-
33;25.6;41.4;;;PACÍFICO Y FRONTERA NARIÑENSE;Indígena;30 a 34 años;-;-;-;-;-;-;-;-;-;-;-;-;-;-;-;-;-
33;25.6;41.4;;;PACÍFICO Y FRONTERA NARIÑENSE;Indígena;35 a 39 años;-;-;-;-;-;-;-;-;-;-;-;-;-;-;-;-;-
33;25.6;41.4;;;PACÍFICO Y FRONTERA NARIÑENSE;Indígena;40 a 44 años;-;-;-;-;-;-;-;-;-;-;-;-;-;-;-;-;-
33;25.6;41.4;;;PACÍFICO Y FRONTERA NARIÑENSE;Indígena;45 a 49 años;-;-;-;-;-;-;-;-;-;-;-;-;-;-;-;-;-
33;25.6;41.4;;;PACÍFICO Y FRONTERA NARIÑENSE;Indígena;50 a 54 años;-;-;-;-;-;-;-;-;-;-;-;-;-;-;-;-;-
33;25.6;41.4;;;PACÍFICO Y FRONTERA NARIÑENSE;Indígena;55 a 59 años;-;-;-;-;-;-;-;-;-;-;-;-;-;-;-;-;-
33;25.6;41.4;;;PACÍFICO Y FRONTERA NARIÑENSE;Afrodescendiente;14 a 19 años;46,0%;35,0%;27,0%;94,0%;34,0%;34,0%;100,0%;34,0%;34,0%;34,0%;-;34,0%;100,0%;100,0%;100,0%;100,0%;100,0%
33;25.6;41.4;;;PACÍFICO Y FRONTERA NARIÑENSE;Afrodescendiente;20 a 24 años;16,0%;8,0%;6,0%;43,0%;100,0%;100,0%;100,0%;41,0%;41,0%;41,0%;-;-;-;-;-;59,0%;-
33;25.6;41.4;;;PACÍFICO Y FRONTERA NARIÑENSE;Afrodescendiente;25 a 29 años;28,0%;16,0%;1,0%;68,0%;100,0%;85,0%;71,0%;24,0%;-;85,0%;10,0%;95,0%;10,0%;-;10,0%;24,0%;-
33;25.6;41.4;;;PACÍFICO Y FRONTERA NARIÑENSE;Afrodescendiente;30 a 34 años;18,0%;17,0%;2,0%;55,0%;100,0%;100,0%;80,0%;-;8,0%;100,0%;-;20,0%;-;-;-;20,0%;8,0%
33;25.6;41.4;;;PACÍFICO Y FRONTERA NARIÑENSE;Afrodescendiente;35 a 39 años;33,0%;7,0%;6,0%;58,0%;-;100,0%;-;-;-;-;-;-;100,0%;-;-;100,0%;100,0%
33;25.6;41.4;;;PACÍFICO Y FRONTERA NARIÑENSE;Afrodescendiente;40 a 44 años;38,0%;39,0%;2,0%;74,0%;100,0%;-;-;-;-;-;44,0%;77,0%;56,0%;-;-;100,0%;-
33;25.6;41.4;;;PACÍFICO Y FRONTERA NARIÑENSE;Afrodescendiente;45 a 49 años;16,0%;7,0%;-;29,0%;37,0%;100,0%;98,0%;-;-;37,0%;-;-;-;-;61,0%;63,0%;61,0%
33;25.6;41.4;;;PACÍFICO Y FRONTERA NARIÑENSE;Afrodescendiente;50 a 54 años;-;-;5,0%;100,0%;-;-;-;-;-;-;-;-;-;-;-;-;-
33;25.6;41.4;;;PACÍFICO Y FRONTERA NARIÑENSE;Afrodescendiente;55 a 59 años;65,0%;12,0%;7,0%;93,0%;100,0%;100,0%;3,0%;-;-;100,0%;97,0%;100,0%;-;-;3,0%;100,0%;3,0%
56.5;14.1;29.5;;;PUTUMAYO;Indígena;14 a 19 años;19,0%;7,0%;2,0%;56,0%;56,0%;56,0%;56,0%;56,0%;56,0%;56,0%;100,0%;100,0%;-;44,0%;100,0%;44,0%;-
56.5;14.1;29.5;;;PUTUMAYO;Indígena;20 a 24 años;10,0%;1,0%;-;47,0%;93,0%;100,0%;100,0%;100,0%;100,0%;100,0%;-;7,0%;-;-;-;-;-
56.5;14.1;29.5;;;PUTUMAYO;Indígena;25 a 29 años;4,0%;1,0%;-;77,0%;-;-;-;-;-;-;-;-;-;-;-;-;-
56.5;14.1;29.5;;;PUTUMAYO;Indígena;30 a 34 años;7,0%;23,0%;5,0%;77,0%;100,0%;100,0%;100,0%;100,0%;100,0%;100,0%;100,0%;100,0%;-;-;-;-;-
56.5;14.1;29.5;;;PUTUMAYO;Indígena;35 a 39 años;20,0%;30,0%;-;53,0%;100,0%;100,0%;100,0%;82,0%;-;-;6,0%;6,0%;-;-;-;76,0%;-
56.5;14.1;29.5;;;PUTUMAYO;Indígena;40 a 44 años;10,0%;7,0%;3,0%;48,0%;100,0%;100,0%;100,0%;-;-;-;100,0%;-;-;-;100,0%;-;-
56.5;14.1;29.5;;;PUTUMAYO;Indígena;45 a 49 años;6,0%;-;-;7,0%;-;-;-;-;-;-;-;-;-;-;-;-;-
56.5;14.1;29.5;;;PUTUMAYO;Indígena;50 a 54 años;1,0%;1,0%;-;2,0%;-;-;-;-;-;-;-;-;-;-;-;-;-
56.5;14.1;29.5;;;PUTUMAYO;Indígena;55 a 59 años;24,0%;-;8,0%;100,0%;100,0%;100,0%;-;-;100,0%;100,0%;-;-;-;-;-;-;-
56.5;14.1;29.5;;;PUTUMAYO;Afrodescendiente;14 a 19 años;14,0%;3,0%;-;77,0%;-;-;-;-;-;-;-;-;-;-;-;-;-
56.5;14.1;29.5;;;PUTUMAYO;Afrodescendiente;20 a 24 años;19,0%;5,0%;4,0%;61,0%;100,0%;52,0%;52,0%;-;-;-;52,0%;100,0%;48,0%;-;48,0%;48,0%;100,0%
56.5;14.1;29.5;;;PUTUMAYO;Afrodescendiente;25 a 29 años;47,0%;42,0%;20,0%;68,0%;-;100,0%;100,0%;100,0%;100,0%;100,0%;100,0%;-;-;-;-;-;-
56.5;14.1;29.5;;;PUTUMAYO;Afrodescendiente;30 a 34 años;14,0%;5,0%;14,0%;71,0%;100,0%;100,0%;100,0%;100,0%;100,0%;100,0%;100,0%;100,0%;-;-;100,0%;100,0%;100,0%
56.5;14.1;29.5;;;PUTUMAYO;Afrodescendiente;35 a 39 años;58,0%;51,0%;-;100,0%;100,0%;100,0%;100,0%;-;100,0%;100,0%;-;-;-;-;-;-;-
56.5;14.1;29.5;;;PUTUMAYO;Afrodescendiente;40 a 44 años;21,0%;8,0%;10,0%;40,0%;-;-;-;-;-;-;-;-;-;-;-;-;-
56.5;14.1;29.5;;;PUTUMAYO;Afrodescendiente;45 a 49 años;8,0%;-;-;41,0%;100,0%;-;100,0%;-;-;-;-;-;100,0%;-;-;-;100,0%
56.5;14.1;29.5;;;PUTUMAYO;Afrodescendiente;50 a 54 años;88,0%;49,0%;38,0%;97,0%;100,0%;100,0%;100,0%;71,0%;91,0%;91,0%;-;9,0%;71,0%;71,0%;71,0%;71,0%;71,0%
56.5;14.1;29.5;;;PUTUMAYO;Afrodescendiente;55 a 59 años;-;-;-;-;-;-;-;-;-;-;-;-;-;-;-;-;-
34;26;40;;;SíERRA NEVADA-PERIJÁ-ZONA BANANERA;Indígena;14 a 19 años;68,0%;68,0%;-;68,0%;-;-;-;-;-;-;-;-;-;-;-;-;-
34;26;40;;;SíERRA NEVADA-PERIJÁ-ZONA BANANERA;Indígena;20 a 24 años;75,0%;75,0%;-;75,0%;-;-;-;-;-;-;-;-;-;-;-;-;-
34;26;40;;;SíERRA NEVADA-PERIJÁ-ZONA BANANERA;Indígena;25 a 29 años;21,0%;21,0%;4,0%;53,0%;-;-;-;-;-;-;-;-;-;-;-;-;-
34;26;40;;;SíERRA NEVADA-PERIJÁ-ZONA BANANERA;Indígena;30 a 34 años;-;-;-;-;-;-;-;-;-;-;-;-;-;-;-;-;-
34;26;40;;;SíERRA NEVADA-PERIJÁ-ZONA BANANERA;Indígena;35 a 39 años;-;-;-;-;-;-;-;-;-;-;-;-;-;-;-;-;-
34;26;40;;;SíERRA NEVADA-PERIJÁ-ZONA BANANERA;Indígena;40 a 44 años;78,0%;78,0%;78,0%;78,0%;100,0%;100,0%;100,0%;100,0%;-;100,0%;100,0%;-;100,0%;100,0%;100,0%;-;-
34;26;40;;;SíERRA NEVADA-PERIJÁ-ZONA BANANERA;Indígena;45 a 49 años;-;32,0%;-;100,0%;100,0%;100,0%;100,0%;-;-;-;100,0%;100,0%;-;-;100,0%;100,0%;-
34;26;40;;;SíERRA NEVADA-PERIJÁ-ZONA BANANERA;Indígena;50 a 54 años;-;-;-;-;-;-;-;-;-;-;-;-;-;-;-;-;-
34;26;40;;;SíERRA NEVADA-PERIJÁ-ZONA BANANERA;Indígena;55 a 59 años;-;-;-;-;-;-;-;-;-;-;-;-;-;-;-;-;-
34;26;40;;;SíERRA NEVADA-PERIJÁ-ZONA BANANERA;Afrodescendiente;14 a 19 años;6,0%;6,0%;-;17,0%;-;-;-;-;-;-;-;-;-;-;-;-;-
34;26;40;;;SíERRA NEVADA-PERIJÁ-ZONA BANANERA;Afrodescendiente;20 a 24 años;6,0%;5,0%;-;22,0%;100,0%;100,0%;-;-;-;-;-;-;100,0%;100,0%;100,0%;100,0%;-
34;26;40;;;SíERRA NEVADA-PERIJÁ-ZONA BANANERA;Afrodescendiente;25 a 29 años;-;-;-;-;-;-;-;-;-;-;-;-;-;-;-;-;-
34;26;40;;;SíERRA NEVADA-PERIJÁ-ZONA BANANERA;Afrodescendiente;30 a 34 años;17,0%;12,0%;-;32,0%;100,0%;100,0%;100,0%;-;-;100,0%;100,0%;100,0%;-;-;-;-;100,0%
34;26;40;;;SíERRA NEVADA-PERIJÁ-ZONA BANANERA;Afrodescendiente;35 a 39 años;26,0%;26,0%;-;49,0%;-;-;-;-;-;-;-;-;-;-;-;-;-
34;26;40;;;SíERRA NEVADA-PERIJÁ-ZONA BANANERA;Afrodescendiente;40 a 44 años;7,0%;-;-;34,0%;-;-;-;-;-;-;-;-;-;-;-;-;-
34;26;40;;;SíERRA NEVADA-PERIJÁ-ZONA BANANERA;Afrodescendiente;45 a 49 años;8,0%;6,0%;-;23,0%;62,0%;62,0%;62,0%;-;-;-;62,0%;38,0%;38,0%;38,0%;38,0%;38,0%;100,0%
34;26;40;;;SíERRA NEVADA-PERIJÁ-ZONA BANANERA;Afrodescendiente;50 a 54 años;11,0%;5,0%;-;34,0%;100,0%;100,0%;100,0%;-;100,0%;100,0%;100,0%;100,0%;-;-;-;-;-
34;26;40;;;SíERRA NEVADA-PERIJÁ-ZONA BANANERA;Afrodescendiente;55 a 59 años;-;-;-;-;-;-;-;-;-;-;-;-;-;-;-;-;-
49.9;23.7;26.4;;;SUR DE BOLÍVAR;Indígena;14 a 19 años;-;-;-;-;-;-;-;-;-;-;-;-;-;-;-;-;-
49.9;23.7;26.4;;;SUR DE BOLÍVAR;Indígena;20 a 24 años;-;-;-;-;-;-;-;-;-;-;-;-;-;-;-;-;-
49.9;23.7;26.4;;;SUR DE BOLÍVAR;Indígena;25 a 29 años;-;-;-;-;-;-;-;-;-;-;-;-;-;-;-;-;-
49.9;23.7;26.4;;;SUR DE BOLÍVAR;Indígena;30 a 34 años;-;-;-;-;-;-;-;-;-;-;-;-;-;-;-;-;-
49.9;23.7;26.4;;;SUR DE BOLÍVAR;Indígena;35 a 39 años;-;-;-;-;-;-;-;-;-;-;-;-;-;-;-;-;-
49.9;23.7;26.4;;;SUR DE BOLÍVAR;Indígena;40 a 44 años;59,0%;59,0%;59,0%;100,0%;100,0%;100,0%;100,0%;-;100,0%;-;-;-;100,0%;-;-;-;-
49.9;23.7;26.4;;;SUR DE BOLÍVAR;Indígena;45 a 49 años;-;-;-;-;-;-;-;-;-;-;-;-;-;-;-;-;-
49.9;23.7;26.4;;;SUR DE BOLÍVAR;Indígena;50 a 54 años;-;-;-;-;-;-;-;-;-;-;-;-;-;-;-;-;-
49.9;23.7;26.4;;;SUR DE BOLÍVAR;Indígena;55 a 59 años;-;-;-;-;-;-;-;-;-;-;-;-;-;-;-;-;-
49.9;23.7;26.4;;;SUR DE BOLÍVAR;Afrodescendiente;14 a 19 años;19,0%;8,0%;-;33,0%;-;-;100,0%;100,0%;43,0%;-;-;-;43,0%;43,0%;100,0%;43,0%;-
49.9;23.7;26.4;;;SUR DE BOLÍVAR;Afrodescendiente;20 a 24 años;71,0%;41,0%;30,0%;100,0%;100,0%;100,0%;100,0%;100,0%;-;-;100,0%;100,0%;-;-;-;100,0%;-
49.9;23.7;26.4;;;SUR DE BOLÍVAR;Afrodescendiente;25 a 29 años;16,0%;16,0%;14,0%;44,0%;100,0%;100,0%;100,0%;100,0%;100,0%;-;-;-;-;-;100,0%;100,0%;100,0%
49.9;23.7;26.4;;;SUR DE BOLÍVAR;Afrodescendiente;30 a 34 años;-;-;-;-;-;-;-;-;-;-;-;-;-;-;-;-;-
49.9;23.7;26.4;;;SUR DE BOLÍVAR;Afrodescendiente;35 a 39 años;16,0%;16,0%;10,0%;22,0%;-;-;-;-;-;-;100,0%;-;100,0%;-;-;-;-
49.9;23.7;26.4;;;SUR DE BOLÍVAR;Afrodescendiente;40 a 44 años;17,0%;17,0%;-;19,0%;100,0%;-;-;100,0%;100,0%;-;-;-;100,0%;100,0%;-;-;-
49.9;23.7;26.4;;;SUR DE BOLÍVAR;Afrodescendiente;45 a 49 años;-;46,0%;32,0%;46,0%;100,0%;100,0%;100,0%;100,0%;-;100,0%;100,0%;-;-;-;100,0%;-;-
49.9;23.7;26.4;;;SUR DE BOLÍVAR;Afrodescendiente;50 a 54 años;8,0%;8,0%;-;11,0%;-;-;-;-;-;-;-;-;-;-;-;-;-
49.9;23.7;26.4;;;SUR DE BOLÍVAR;Afrodescendiente;55 a 59 años;77,0%;-;-;77,0%;100,0%;100,0%;100,0%;-;-;-;100,0%;-;100,0%;-;100,0%;100,0%;-
49.3;27.3;23.4;;;SUR DE CÓRDOBA;Indígena;14 a 19 años;5,0%;5,0%;-;15,0%;-;-;-;-;-;-;-;-;-;-;-;-;-
49.3;27.3;23.4;;;SUR DE CÓRDOBA;Indígena;20 a 24 años;-;-;-;-;-;-;-;-;-;-;-;-;-;-;-;-;-
49.3;27.3;23.4;;;SUR DE CÓRDOBA;Indígena;25 a 29 años;31,0%;31,0%;19,0%;63,0%;100,0%;100,0%;100,0%;-;-;-;-;-;-;-;-;-;-
49.3;27.3;23.4;;;SUR DE CÓRDOBA;Indígena;30 a 34 años;68,0%;67,0%;-;74,0%;-;-;-;-;-;-;-;-;-;-;-;-;-
49.3;27.3;23.4;;;SUR DE CÓRDOBA;Indígena;35 a 39 años;22,0%;11,0%;1,0%;73,0%;-;-;-;-;-;-;-;-;-;-;-;-;-
49.3;27.3;23.4;;;SUR DE CÓRDOBA;Indígena;40 a 44 años;-;-;-;-;-;-;-;-;-;-;-;-;-;-;-;-;-
49.3;27.3;23.4;;;SUR DE CÓRDOBA;Indígena;45 a 49 años;9,0%;9,0%;-;26,0%;-;-;-;-;-;-;-;-;-;-;-;-;-
49.3;27.3;23.4;;;SUR DE CÓRDOBA;Indígena;50 a 54 años;-;5,0%;-;100,0%;-;-;100,0%;-;-;-;100,0%;100,0%;-;-;-;-;-
49.3;27.3;23.4;;;SUR DE CÓRDOBA;Indígena;55 a 59 años;-;-;-;-;-;-;-;-;-;-;-;-;-;-;-;-;-
49.3;27.3;23.4;;;SUR DE CÓRDOBA;Afrodescendiente;14 a 19 años;14,0%;-;-;17,0%;-;-;-;-;-;-;-;-;-;-;-;-;-
49.3;27.3;23.4;;;SUR DE CÓRDOBA;Afrodescendiente;20 a 24 años;13,0%;-;-;58,0%;-;-;-;-;-;-;-;-;-;-;-;-;-
49.3;27.3;23.4;;;SUR DE CÓRDOBA;Afrodescendiente;25 a 29 años;39,0%;8,0%;-;48,0%;100,0%;100,0%;100,0%;100,0%;-;100,0%;-;-;-;-;100,0%;-;-
49.3;27.3;23.4;;;SUR DE CÓRDOBA;Afrodescendiente;30 a 34 años;-;-;-;-;-;-;-;-;-;-;-;-;-;-;-;-;-
49.3;27.3;23.4;;;SUR DE CÓRDOBA;Afrodescendiente;35 a 39 años;75,0%;-;-;100,0%;100,0%;100,0%;100,0%;75,0%;-;-;-;75,0%;100,0%;-;100,0%;100,0%;75,0%
49.3;27.3;23.4;;;SUR DE CÓRDOBA;Afrodescendiente;40 a 44 años;67,0%;6,0%;2,0%;87,0%;100,0%;100,0%;100,0%;-;-;100,0%;100,0%;-;-;-;-;-;-
49.3;27.3;23.4;;;SUR DE CÓRDOBA;Afrodescendiente;45 a 49 años;25,0%;25,0%;25,0%;100,0%;100,0%;100,0%;100,0%;-;100,0%;-;-;-;100,0%;-;100,0%;100,0%;-
49.3;27.3;23.4;;;SUR DE CÓRDOBA;Afrodescendiente;50 a 54 años;-;-;4,0%;42,0%;-;-;-;-;-;-;-;-;-;-;-;-;-
49.3;27.3;23.4;;;SUR DE CÓRDOBA;Afrodescendiente;55 a 59 años;-;8,0%;-;23,0%;-;-;-;-;-;-;-;-;-;-;-;-;-
31.8;38.2;30;;;SUR DE TOLIMA;Indígena;14 a 19 años;32,0%;21,0%;-;61,0%;-;100,0%;100,0%;-;-;-;-;-;-;-;-;-;100,0%
31.8;38.2;30;;;SUR DE TOLIMA;Indígena;20 a 24 años;4,0%;10,0%;-;24,0%;100,0%;100,0%;100,0%;100,0%;100,0%;100,0%;100,0%;100,0%;-;-;-;-;100,0%
31.8;38.2;30;;;SUR DE TOLIMA;Indígena;25 a 29 años;38,0%;2,0%;37,0%;100,0%;100,0%;100,0%;100,0%;-;100,0%;-;100,0%;-;-;-;-;-;-
31.8;38.2;30;;;SUR DE TOLIMA;Indígena;30 a 34 años;47,0%;7,0%;33,0%;63,0%;62,0%;62,0%;62,0%;62,0%;62,0%;62,0%;100,0%;38,0%;38,0%;38,0%;100,0%;38,0%;62,0%
31.8;38.2;30;;;SUR DE TOLIMA;Indígena;35 a 39 años;11,0%;8,0%;8,0%;76,0%;-;-;-;-;-;-;-;-;-;-;-;-;-
31.8;38.2;30;;;SUR DE TOLIMA;Indígena;40 a 44 años;-;-;-;-;-;-;-;-;-;-;-;-;-;-;-;-;-
31.8;38.2;30;;;SUR DE TOLIMA;Indígena;45 a 49 años;36,0%;36,0%;3,0%;74,0%;91,0%;91,0%;91,0%;-;-;-;-;-;100,0%;91,0%;91,0%;91,0%;91,0%
31.8;38.2;30;;;SUR DE TOLIMA;Indígena;50 a 54 años;2,0%;4,0%;-;54,0%;100,0%;100,0%;100,0%;100,0%;-;-;-;-;-;-;100,0%;-;100,0%
31.8;38.2;30;;;SUR DE TOLIMA;Indígena;55 a 59 años;-;-;-;-;-;-;-;-;-;-;-;-;-;-;-;-;-
31.8;38.2;30;;;SUR DE TOLIMA;Afrodescendiente;14 a 19 años;39,0%;39,0%;-;75,0%;100,0%;100,0%;100,0%;100,0%;100,0%;100,0%;-;-;-;-;-;-;-
31.8;38.2;30;;;SUR DE TOLIMA;Afrodescendiente;20 a 24 años;1,0%;-;-;100,0%;-;-;-;-;-;-;-;-;-;-;-;-;-
31.8;38.2;30;;;SUR DE TOLIMA;Afrodescendiente;25 a 29 años;-;-;-;-;-;-;-;-;-;-;-;-;-;-;-;-;-
31.8;38.2;30;;;SUR DE TOLIMA;Afrodescendiente;30 a 34 años;42,0%;42,0%;42,0%;100,0%;-;-;-;100,0%;100,0%;100,0%;-;100,0%;100,0%;-;100,0%;100,0%;-
31.8;38.2;30;;;SUR DE TOLIMA;Afrodescendiente;35 a 39 años;22,0%;15,0%;15,0%;100,0%;100,0%;100,0%;100,0%;-;-;100,0%;100,0%;100,0%;-;-;-;100,0%;-
31.8;38.2;30;;;SUR DE TOLIMA;Afrodescendiente;40 a 44 años;-;-;-;-;-;-;-;-;-;-;-;-;-;-;-;-;-
31.8;38.2;30;;;SUR DE TOLIMA;Afrodescendiente;45 a 49 años;31,0%;31,0%;18,0%;82,0%;100,0%;66,0%;66,0%;-;34,0%;-;-;66,0%;34,0%;-;-;34,0%;-
31.8;38.2;30;;;SUR DE TOLIMA;Afrodescendiente;50 a 54 años;-;-;-;-;-;-;-;-;-;-;-;-;-;-;-;-;-
31.8;38.2;30;;;SUR DE TOLIMA;Afrodescendiente;55 a 59 años;-;-;-;-;-;-;-;-;-;-;-;-;-;-;-;-;-
38.9;17.2;44;;;TOTAL REGIONES DEL ESTUDIO;Indígena;14 a 19 años;26,0%;10,0%;2,0%;65,0%;15,0%;93,0%;93,0%;9,0%;15,0%;9,0%;16,0%;16,0%;-;13,0%;16,0%;13,0%;78,0%
38.9;17.2;44;;;TOTAL REGIONES DEL ESTUDIO;Indígena;20 a 24 años;15,0%;12,0%;2,0%;40,0%;65,0%;65,0%;67,0%;43,0%;64,0%;66,0%;39,0%;61,0%;1,0%;31,0%;21,0%;-;8,0%
38.9;17.2;44;;;TOTAL REGIONES DEL ESTUDIO;Indígena;25 a 29 años;22,0%;14,0%;9,0%;57,0%;100,0%;100,0%;22,0%;9,0%;14,0%;2,0%;20,0%;7,0%;-;-;-;-;79,0%
38.9;17.2;44;;;TOTAL REGIONES DEL ESTUDIO;Indígena;30 a 34 años;25,0%;19,0%;4,0%;52,0%;98,0%;98,0%;98,0%;90,0%;90,0%;90,0%;96,0%;93,0%;2,0%;2,0%;17,0%;10,0%;3,0%
38.9;17.2;44;;;TOTAL REGIONES DEL ESTUDIO;Indígena;35 a 39 años;13,0%;5,0%;1,0%;36,0%;100,0%;100,0%;88,0%;73,0%;-;-;5,0%;5,0%;-;-;14,0%;79,0%;14,0%
38.9;17.2;44;;;TOTAL REGIONES DEL ESTUDIO;Indígena;40 a 44 años;14,0%;7,0%;5,0%;30,0%;100,0%;98,0%;98,0%;65,0%;6,0%;62,0%;95,0%;3,0%;64,0%;61,0%;92,0%;-;4,0%
38.9;17.2;44;;;TOTAL REGIONES DEL ESTUDIO;Indígena;45 a 49 años;9,0%;9,0%;-;26,0%;99,0%;99,0%;99,0%;-;18,0%;18,0%;44,0%;44,0%;56,0%;14,0%;58,0%;99,0%;55,0%
38.9;17.2;44;;;TOTAL REGIONES DEL ESTUDIO;Indígena;50 a 54 años;15,0%;9,0%;-;64,0%;63,0%;63,0%;100,0%;5,0%;-;-;95,0%;37,0%;-;-;5,0%;-;63,0%
38.9;17.2;44;;;TOTAL REGIONES DEL ESTUDIO;Indígena;55 a 59 años;5,0%;-;-;30,0%;100,0%;100,0%;-;-;100,0%;100,0%;-;-;-;-;-;-;-
38.9;17.2;44;;;TOTAL REGIONES DEL ESTUDIO;Afrodescendiente;14 a 19 años;22,0%;11,0%;4,0%;47,0%;34,0%;68,0%;100,0%;37,0%;53,0%;62,0%;37,0%;60,0%;51,0%;51,0%;38,0%;30,0%;45,0%
38.9;17.2;44;;;TOTAL REGIONES DEL ESTUDIO;Afrodescendiente;20 a 24 años;32,0%;18,0%;5,0%;68,0%;90,0%;94,0%;88,0%;53,0%;73,0%;53,0%;37,0%;29,0%;14,0%;13,0%;49,0%;39,0%;36,0%
38.9;17.2;44;;;TOTAL REGIONES DEL ESTUDIO;Afrodescendiente;25 a 29 años;27,0%;17,0%;7,0%;53,0%;91,0%;95,0%;98,0%;73,0%;64,0%;92,0%;58,0%;10,0%;-;4,0%;37,0%;2,0%;41,0%
38.9;17.2;44;;;TOTAL REGIONES DEL ESTUDIO;Afrodescendiente;30 a 34 años;16,0%;12,0%;2,0%;44,0%;78,0%;89,0%;74,0%;4,0%;6,0%;47,0%;23,0%;37,0%;27,0%;19,0%;20,0%;35,0%;30,0%
38.9;17.2;44;;;TOTAL REGIONES DEL ESTUDIO;Afrodescendiente;35 a 39 años;27,0%;12,0%;5,0%;49,0%;82,0%;74,0%;71,0%;30,0%;42,0%;32,0%;40,0%;42,0%;51,0%;11,0%;38,0%;40,0%;50,0%
38.9;17.2;44;;;TOTAL REGIONES DEL ESTUDIO;Afrodescendiente;40 a 44 años;19,0%;9,0%;4,0%;46,0%;98,0%;77,0%;75,0%;12,0%;22,0%;43,0%;79,0%;72,0%;35,0%;-;35,0%;35,0%;15,0%
38.9;17.2;44;;;TOTAL REGIONES DEL ESTUDIO;Afrodescendiente;45 a 49 años;27,0%;22,0%;6,0%;44,0%;75,0%;91,0%;94,0%;8,0%;53,0%;14,0%;31,0%;50,0%;35,0%;4,0%;11,0%;78,0%;27,0%
38.9;17.2;44;;;TOTAL REGIONES DEL ESTUDIO;Afrodescendiente;50 a 54 años;15,0%;10,0%;2,0%;39,0%;93,0%;97,0%;89,0%;58,0%;64,0%;51,0%;55,0%;60,0%;44,0%;17,0%;22,0%;43,0%;29,0%
38.9;17.2;44;;;TOTAL REGIONES DEL ESTUDIO;Afrodescendiente;55 a 59 años;14,0%;8,0%;2,0%;43,0%;91,0%;86,0%;55,0%;31,0%;39,0%;67,0%;67,0%;53,0%;18,0%;-;7,0%;58,0%;23,0%
;;;;;URABA ANTIOQUEÑO;Indígena;14 a 19 años;-;-;-;-;-;-;-;-;-;-;-;-;-;-;-;-;-
;;;;;URABA ANTIOQUEÑO;Indígena;20 a 24 años;24,0%;11,0%;-;100,0%;-;-;-;-;-;-;-;-;-;-;-;-;-
;;;;;URABA ANTIOQUEÑO;Indígena;25 a 29 años;61,0%;61,0%;7,0%;74,0%;-;-;-;-;-;-;-;-;-;-;-;-;-
;;;;;URABA ANTIOQUEÑO;Indígena;30 a 34 años;-;-;-;-;-;-;-;-;-;-;-;-;-;-;-;-;-
;;;;;URABA ANTIOQUEÑO;Indígena;35 a 39 años;-;-;-;-;-;-;-;-;-;-;-;-;-;-;-;-;-
;;;;;URABA ANTIOQUEÑO;Indígena;40 a 44 años;-;-;-;-;-;-;-;-;-;-;-;-;-;-;-;-;-
;;;;;URABA ANTIOQUEÑO;Indígena;45 a 49 años;54,0%;-;-;100,0%;100,0%;100,0%;100,0%;-;100,0%;100,0%;100,0%;100,0%;-;-;100,0%;100,0%;-
;;;;;URABA ANTIOQUEÑO;Indígena;50 a 54 años;-;-;-;-;-;-;-;-;-;-;-;-;-;-;-;-;-
;;;;;URABA ANTIOQUEÑO;Indígena;55 a 59 años;-;-;-;-;-;-;-;-;-;-;-;-;-;-;-;-;-
;;;;;URABA ANTIOQUEÑO;Afrodescendiente;14 a 19 años;17,0%;14,0%;2,0%;48,0%;6,0%;6,0%;100,0%;6,0%;94,0%;6,0%;-;94,0%;94,0%;94,0%;94,0%;94,0%;100,0%
;;;;;URABA ANTIOQUEÑO;Afrodescendiente;20 a 24 años;16,0%;9,0%;1,0%;59,0%;100,0%;100,0%;100,0%;-;-;100,0%;100,0%;100,0%;-;-;-;-;100,0%
;;;;;URABA ANTIOQUEÑO;Afrodescendiente;25 a 29 años;29,0%;16,0%;10,0%;63,0%;91,0%;91,0%;91,0%;22,0%;-;100,0%;22,0%;22,0%;-;47,0%;22,0%;-;77,0%
;;;;;URABA ANTIOQUEÑO;Afrodescendiente;30 a 34 años;35,0%;21,0%;13,0%;76,0%;25,0%;74,0%;57,0%;-;-;32,0%;58,0%;51,0%;51,0%;25,0%;25,0%;25,0%;32,0%
;;;;;URABA ANTIOQUEÑO;Afrodescendiente;35 a 39 años;35,0%;14,0%;9,0%;63,0%;65,0%;65,0%;65,0%;17,0%;83,0%;31,0%;48,0%;17,0%;35,0%;-;52,0%;52,0%;35,0%
;;;;;URABA ANTIOQUEÑO;Afrodescendiente;40 a 44 años;33,0%;21,0%;10,0%;61,0%;100,0%;100,0%;100,0%;14,0%;14,0%;7,0%;79,0%;17,0%;28,0%;-;-;7,0%;62,0%
;;;;;URABA ANTIOQUEÑO;Afrodescendiente;45 a 49 años;28,0%;9,0%;-;65,0%;100,0%;29,0%;29,0%;-;-;-;-;-;100,0%;71,0%;29,0%;29,0%;-
;;;;;URABA ANTIOQUEÑO;Afrodescendiente;50 a 54 años;26,0%;10,0%;-;44,0%;-;-;-;-;-;-;-;-;-;-;-;-;-
;;;;;URABA ANTIOQUEÑO;Afrodescendiente;55 a 59 años;21,0%;15,0%;12,0%;70,0%;100,0%;81,0%;81,0%;50,0%;50,0%;50,0%;40,0%;31,0%;60,0%;-;-;47,0%;15,0%
